<code_scheme name="Custom Foramt1" version="173">
  <option name="OTHER_INDENT_OPTIONS">
    <value>
      <option name="USE_TAB_CHARACTER" value="true" />
    </value>
  </option>
  <CssCodeStyleSettings>
    <option name="VALUE_ALIGNMENT" value="2" />
    <option name="ENFORCE_QUOTES_ON_FORMAT" value="true" />
  </CssCodeStyleSettings>
  <DBN-PSQL>
    <case-options enabled="true">
      <option name="KEYWORD_CASE" value="lower" />
      <option name="FUNCTION_CASE" value="lower" />
      <option name="PARAMETER_CASE" value="lower" />
      <option name="DATATYPE_CASE" value="lower" />
      <option name="OBJECT_CASE" value="preserve" />
    </case-options>
    <formatting-settings enabled="false" />
  </DBN-PSQL>
  <DBN-SQL>
    <case-options enabled="true">
      <option name="KEYWORD_CASE" value="lower" />
      <option name="FUNCTION_CASE" value="lower" />
      <option name="PARAMETER_CASE" value="lower" />
      <option name="DATATYPE_CASE" value="lower" />
      <option name="OBJECT_CASE" value="preserve" />
    </case-options>
    <formatting-settings enabled="false">
      <option name="STATEMENT_SPACING" value="one_line" />
      <option name="CLAUSE_CHOP_DOWN" value="chop_down_if_statement_long" />
      <option name="ITERATION_ELEMENTS_WRAPPING" value="chop_down_if_not_single" />
    </formatting-settings>
  </DBN-SQL>
  <H2CodeStyleSettings version="6">
    <option name="USE_GENERAL_STYLE" value="false" />
  </H2CodeStyleSettings>
  <H2CodeStyleSettings version="6">
    <option name="USE_GENERAL_STYLE" value="false" />
  </H2CodeStyleSettings>
  <HTMLCodeStyleSettings>
    <option name="HTML_DO_NOT_INDENT_CHILDREN_OF" value="html,thead,tbody,tfoot" />
  </HTMLCodeStyleSettings>
  <JSCodeStyleSettings version="0">
    <option name="REFORMAT_C_STYLE_COMMENTS" value="true" />
  </JSCodeStyleSettings>
  <JSON>
    <option name="KEEP_TRAILING_COMMA" value="true" />
    <option name="PROPERTY_ALIGNMENT" value="2" />
  </JSON>
  <PostgresCodeStyleSettings version="6">
    <option name="USE_GENERAL_STYLE" value="false" />
  </PostgresCodeStyleSettings>
  <SqlCodeStyleSettings version="6">
    <option name="KEYWORD_CASE" value="1" />
    <option name="IDENTIFIER_CASE" value="1" />
    <option name="TYPE_CASE" value="1" />
    <option name="QUOTE_IDENTIFIER" value="1" />
    <option name="QUERY_EL_COMMA" value="2" />
    <option name="QUERY_IN_ONE_STRING" value="0" />
    <option name="SUBQUERY_OPENING" value="4" />
    <option name="SUBQUERY_CONTENT" value="2" />
    <option name="SUBQUERY_CLOSING" value="2" />
    <option name="WITH_ALIGN_AS" value="true" />
    <option name="SELECT_EL_LINE" value="0" />
    <option name="SELECT_EL_COMMA" value="2" />
    <option name="SELECT_KEEP_N_ITEMS_IN_LINE" value="2" />
    <option name="SELECT_USE_AS_WORD" value="1" />
    <option name="FROM_EL_LINE" value="1" />
    <option name="FROM_EL_WRAP" value="3" />
    <option name="FROM_ALIGN_JOIN_TABLES" value="true" />
    <option name="FROM_INDENT_JOIN" value="false" />
    <option name="FROM_ONLY_JOIN_INDENT" value="2" />
    <option name="ROUTINE_ARG_WRAP" value="0" />
    <option name="IMP_COMMON_WRAP_EVERY_STATEMENT" value="true" />
    <option name="IMP_IF_THEN_WRAP_THEN" value="true" />
    <option name="IMP_IF_THEN_INDENT_THEN_ELSE" value="true" />
    <option name="IMP_IF_THEN_INDENT_END" value="true" />
    <option name="EXPR_CASE_THEN_WRAP" value="true" />
    <option name="EXPR_CASE_THEN_ALIGN" value="true" />
    <option name="EXPR_CASE_END" value="1" />
  </SqlCodeStyleSettings>
  <codeStyleSettings language="HTML">
    <option name="WRAP_ON_TYPING" value="0" />
    <indentOptions>
      <option name="USE_TAB_CHARACTER" value="true" />
      <option name="SMART_TABS" value="true" />
    </indentOptions>
  </codeStyleSettings>
  <codeStyleSettings language="JSON">
    <option name="WRAP_ON_TYPING" value="0" />
    <indentOptions>
      <option name="USE_TAB_CHARACTER" value="true" />
    </indentOptions>
  </codeStyleSettings>
  <codeStyleSettings language="JavaScript">
    <option name="ALIGN_MULTILINE_PARAMETERS" value="false" />
    <option name="WRAP_ON_TYPING" value="1" />
    <indentOptions>
      <option name="INDENT_SIZE" value="3" />
      <option name="CONTINUATION_INDENT_SIZE" value="3" />
      <option name="TAB_SIZE" value="3" />
      <option name="USE_TAB_CHARACTER" value="true" />
      <option name="SMART_TABS" value="true" />
    </indentOptions>
  </codeStyleSettings>
  <codeStyleSettings language="PostgreSQL">
    <indentOptions>
      <option name="USE_TAB_CHARACTER" value="true" />
    </indentOptions>
  </codeStyleSettings>
  <codeStyleSettings language="SASS">
    <indentOptions>
      <option name="USE_TAB_CHARACTER" value="true" />
    </indentOptions>
  </codeStyleSettings>
  <codeStyleSettings language="SCSS">
    <indentOptions>
      <option name="USE_TAB_CHARACTER" value="true" />
    </indentOptions>
    <arrangement>
      <rules>
        <section>
          <rule>
            <match>
              <NAME>.*</NAME>
            </match>
            <order>BY_NAME</order>
          </rule>
        </section>
      </rules>
    </arrangement>
  </codeStyleSettings>
  <codeStyleSettings language="SQL">
    <option name="KEEP_LINE_BREAKS" value="false" />
    <indentOptions>
      <option name="USE_TAB_CHARACTER" value="true" />
      <option name="SMART_TABS" value="true" />
      <option name="KEEP_INDENTS_ON_EMPTY_LINES" value="true" />
    </indentOptions>
  </codeStyleSettings>
</code_scheme>