<keymap version="1" name="Windows copy" parent="$default">
  <action id="$Copy">
    <keyboard-shortcut first-keystroke="ctrl c" />
    <keyboard-shortcut first-keystroke="ctrl insert" />
    <keyboard-shortcut first-keystroke="alt c" />
  </action>
  <action id="ActivateCommitToolWindow" />
  <action id="ActivateFavoritesToolWindow" />
  <action id="ActivateMessagesToolWindow" />
  <action id="ActivateProblemsViewToolWindow" />
  <action id="ActivateRunToolWindow" />
  <action id="ActivateServicesToolWindow" />
  <action id="ActivateTerminalToolWindow">
    <keyboard-shortcut first-keystroke="alt f12" />
    <keyboard-shortcut first-keystroke="ctrl alt g" />
    <keyboard-shortcut first-keystroke="alt g" />
  </action>
  <action id="ActivateVersionControlToolWindow" />
  <action id="ChangesView.ToggleCommitUi" />
  <action id="CheckinProject" />
  <action id="CloseActiveTab">
    <keyboard-shortcut first-keystroke="shift ctrl f4" />
    <keyboard-shortcut first-keystroke="ctrl 3" />
  </action>
  <action id="CloseAllEditors">
    <keyboard-shortcut first-keystroke="shift alt e" />
  </action>
  <action id="CloseContent">
    <keyboard-shortcut first-keystroke="ctrl f4" />
    <keyboard-shortcut first-keystroke="alt minus" />
  </action>
  <action id="CodeGlance.toggle">
    <keyboard-shortcut first-keystroke="shift ctrl g" />
    <keyboard-shortcut first-keystroke="ctrl g" />
  </action>
  <action id="CollapseRegion">
    <keyboard-shortcut first-keystroke="ctrl subtract" />
    <keyboard-shortcut first-keystroke="ctrl minus" />
    <keyboard-shortcut first-keystroke="alt o" />
  </action>
  <action id="CollapseRegionRecursively">
    <keyboard-shortcut first-keystroke="ctrl alt subtract" />
    <keyboard-shortcut first-keystroke="ctrl alt minus" />
    <keyboard-shortcut first-keystroke="alt s" second-keystroke="c" />
  </action>
  <action id="CollapseSelection" />
  <action id="Diagram.SelectAll">
    <keyboard-shortcut first-keystroke="ctrl a" />
  </action>
  <action id="Editor Copy">
    <keyboard-shortcut first-keystroke="alt c" />
  </action>
  <action id="Editor SelectAll">
    <keyboard-shortcut first-keystroke="ctrl a" />
  </action>
  <action id="EditorBackwardParagraph">
    <keyboard-shortcut first-keystroke="alt comma" />
  </action>
  <action id="EditorChooseLookupItemDot" />
  <action id="EditorCloneCaretAbove">
    <keyboard-shortcut first-keystroke="ctrl k" />
  </action>
  <action id="EditorCloneCaretBelow">
    <keyboard-shortcut first-keystroke="alt k" />
  </action>
  <action id="EditorCodeBlockEndWithSelection">
    <keyboard-shortcut first-keystroke="shift ctrl close_bracket" />
    <keyboard-shortcut first-keystroke="shift alt k" />
  </action>
  <action id="EditorContextInfo" />
  <action id="EditorCutLineEnd">
    <keyboard-shortcut first-keystroke="alt x" />
  </action>
  <action id="EditorDown">
    <keyboard-shortcut first-keystroke="down" />
    <keyboard-shortcut first-keystroke="alt n" />
  </action>
  <action id="EditorDownWithSelection">
    <keyboard-shortcut first-keystroke="shift down" />
    <keyboard-shortcut first-keystroke="alt 0" />
  </action>
  <action id="EditorForwardParagraph">
    <keyboard-shortcut first-keystroke="alt period" />
  </action>
  <action id="EditorKillRegion">
    <keyboard-shortcut first-keystroke="alt d" />
  </action>
  <action id="EditorLeft">
    <keyboard-shortcut first-keystroke="left" />
    <keyboard-shortcut first-keystroke="alt b" />
  </action>
  <action id="EditorLeftWithSelection">
    <keyboard-shortcut first-keystroke="shift left" />
    <keyboard-shortcut first-keystroke="ctrl b" />
  </action>
  <action id="EditorLineEnd">
    <keyboard-shortcut first-keystroke="end" />
    <keyboard-shortcut first-keystroke="alt e" />
  </action>
  <action id="EditorLineEndWithSelection">
    <keyboard-shortcut first-keystroke="shift end" />
    <keyboard-shortcut first-keystroke="alt i" />
  </action>
  <action id="EditorLineStart">
    <keyboard-shortcut first-keystroke="alt a" />
  </action>
  <action id="EditorNextWord">
    <keyboard-shortcut first-keystroke="ctrl right" />
    <keyboard-shortcut first-keystroke="alt w" />
  </action>
  <action id="EditorNextWordWithSelection">
    <keyboard-shortcut first-keystroke="ctrl w" />
  </action>
  <action id="EditorPasteSimple">
    <keyboard-shortcut first-keystroke="shift ctrl alt v" />
    <keyboard-shortcut first-keystroke="alt v" />
  </action>
  <action id="EditorPreviousWord">
    <keyboard-shortcut first-keystroke="ctrl left" />
    <keyboard-shortcut first-keystroke="alt q" />
  </action>
  <action id="EditorRight">
    <keyboard-shortcut first-keystroke="right" />
    <keyboard-shortcut first-keystroke="alt f" />
  </action>
  <action id="EditorRightWithSelection">
    <keyboard-shortcut first-keystroke="shift right" />
    <keyboard-shortcut first-keystroke="ctrl r" />
  </action>
  <action id="EditorSelectWord" />
  <action id="EditorTextEnd">
    <keyboard-shortcut first-keystroke="ctrl end" />
    <keyboard-shortcut first-keystroke="ctrl e" />
  </action>
  <action id="EditorToggleCase">
    <keyboard-shortcut first-keystroke="shift ctrl u" />
    <keyboard-shortcut first-keystroke="alt 6" />
    <keyboard-shortcut first-keystroke="alt y" />
  </action>
  <action id="EditorToggleColumnMode">
    <keyboard-shortcut first-keystroke="shift alt insert" />
    <keyboard-shortcut first-keystroke="alt quote" />
  </action>
  <action id="EditorUp">
    <keyboard-shortcut first-keystroke="up" />
    <keyboard-shortcut first-keystroke="alt p" />
  </action>
  <action id="EditorUpWithSelection">
    <keyboard-shortcut first-keystroke="shift up" />
    <keyboard-shortcut first-keystroke="alt 9" />
  </action>
  <action id="EmojiAndSymbols">
    <keyboard-shortcut first-keystroke="alt slash" />
  </action>
  <action id="ExpandRegion">
    <keyboard-shortcut first-keystroke="ctrl add" />
    <keyboard-shortcut first-keystroke="ctrl equals" />
    <keyboard-shortcut first-keystroke="alt h" />
  </action>
  <action id="ExpandRegionRecursively">
    <keyboard-shortcut first-keystroke="ctrl alt add" />
    <keyboard-shortcut first-keystroke="ctrl alt equals" />
    <keyboard-shortcut first-keystroke="alt s" second-keystroke="e" />
  </action>
  <action id="ExportToTextFile" />
  <action id="FileChooser.GotoModule" />
  <action id="FileChooser.NewFolder">
    <keyboard-shortcut first-keystroke="alt insert" />
  </action>
  <action id="FileChooser.TogglePathShowing" />
  <action id="FindPrevWordAtCaret">
    <keyboard-shortcut first-keystroke="shift ctrl f3" />
    <keyboard-shortcut first-keystroke="alt s" second-keystroke="b" />
  </action>
  <action id="FindWordAtCaret">
    <keyboard-shortcut first-keystroke="ctrl f3" />
    <keyboard-shortcut first-keystroke="alt s" second-keystroke="f" />
  </action>
  <action id="Git.Commit.Stage" />
  <action id="GotoBookmark0" />
  <action id="GotoBookmark3" />
  <action id="GotoBookmark9" />
  <action id="GotoClass" />
  <action id="GotoDeclaration">
    <mouse-shortcut keystroke="control button1" />
    <mouse-shortcut keystroke="button2" />
    <keyboard-shortcut first-keystroke="alt back_quote" />
  </action>
  <action id="GotoLine">
    <keyboard-shortcut first-keystroke="alt equals" />
    <keyboard-shortcut first-keystroke="alt s" second-keystroke="l" />
  </action>
  <action id="GotoNextBookmark">
    <keyboard-shortcut first-keystroke="ctrl 0" />
  </action>
  <action id="GotoPreviousBookmark">
    <keyboard-shortcut first-keystroke="ctrl 9" />
  </action>
  <action id="HippieCompletion" />
  <action id="Images.Editor.ToggleGrid" />
  <action id="List-selectPreviousColumn">
    <keyboard-shortcut first-keystroke="left" />
    <keyboard-shortcut first-keystroke="alt b" />
  </action>
  <action id="MoveTabDown">
    <keyboard-shortcut first-keystroke="alt s" second-keystroke="semicolon" />
  </action>
  <action id="MoveTabRight">
    <keyboard-shortcut first-keystroke="alt semicolon" />
  </action>
  <action id="NavBar-selectEnd" />
  <action id="NavBar-selectLeft">
    <keyboard-shortcut first-keystroke="left" />
    <keyboard-shortcut first-keystroke="alt b" />
  </action>
  <action id="NewElementSamePlace">
    <keyboard-shortcut first-keystroke="ctrl alt insert" />
    <keyboard-shortcut first-keystroke="alt s" second-keystroke="n" />
  </action>
  <action id="NextSplitter">
    <keyboard-shortcut first-keystroke="alt 3" />
  </action>
  <action id="NextTab">
    <keyboard-shortcut first-keystroke="alt right" />
    <keyboard-shortcut first-keystroke="alt t" />
  </action>
  <action id="ParameterInfo" />
  <action id="PrevSplitter">
    <keyboard-shortcut first-keystroke="alt 4" />
  </action>
  <action id="PreviousTab">
    <keyboard-shortcut first-keystroke="alt left" />
    <keyboard-shortcut first-keystroke="alt u" />
  </action>
  <action id="RecentFiles" />
  <action id="RenameElement">
    <keyboard-shortcut first-keystroke="shift f6" />
    <keyboard-shortcut first-keystroke="alt s" second-keystroke="r" />
  </action>
  <action id="Replace" />
  <action id="Rerun">
    <keyboard-shortcut first-keystroke="ctrl f5" />
    <keyboard-shortcut first-keystroke="alt s" second-keystroke="x" />
  </action>
  <action id="SelectNextOccurrence">
    <keyboard-shortcut first-keystroke="alt l" />
  </action>
  <action id="ShowBookmarks">
    <keyboard-shortcut first-keystroke="shift f11" />
    <keyboard-shortcut first-keystroke="alt s" second-keystroke="a" />
  </action>
  <action id="ShowTypeBookmarks">
    <keyboard-shortcut first-keystroke="shift ctrl f11" />
    <keyboard-shortcut first-keystroke="alt s" second-keystroke="g" />
  </action>
  <action id="StretchSplitToBottom">
    <keyboard-shortcut first-keystroke="ctrl quote" />
  </action>
  <action id="StretchSplitToLeft">
    <keyboard-shortcut first-keystroke="ctrl comma" />
  </action>
  <action id="StretchSplitToRight">
    <keyboard-shortcut first-keystroke="alt r" />
    <keyboard-shortcut first-keystroke="ctrl period" />
  </action>
  <action id="StretchSplitToTop">
    <keyboard-shortcut first-keystroke="ctrl semicolon" />
  </action>
  <action id="SwitcherIterateItems" />
  <action id="SwitcherRecentEditedChangedToggleCheckBox" />
  <action id="ToggleBookmark">
    <keyboard-shortcut first-keystroke="f11" />
    <keyboard-shortcut first-keystroke="alt 8" />
  </action>
  <action id="ToggleBookmarkWithMnemonic">
    <keyboard-shortcut first-keystroke="ctrl f11" />
    <keyboard-shortcut first-keystroke="alt s" second-keystroke="8" />
  </action>
  <action id="ToggleContentUiTypeMode">
    <keyboard-shortcut first-keystroke="alt s" second-keystroke="d" />
  </action>
  <action id="ToggleZenMode">
    <keyboard-shortcut first-keystroke="alt m" />
  </action>
  <action id="Tree-selectParent">
    <keyboard-shortcut first-keystroke="left" />
    <keyboard-shortcut first-keystroke="alt b" />
  </action>
  <action id="Tree-selectPreviousExtendSelection">
    <keyboard-shortcut first-keystroke="shift up" />
  </action>
  <action id="UnselectPreviousOccurrence">
    <keyboard-shortcut first-keystroke="shift alt j" />
    <keyboard-shortcut first-keystroke="alt j" />
  </action>
  <action id="UnsplitAll">
    <keyboard-shortcut first-keystroke="alt back_slash" />
  </action>
  <action id="UsageView.Rerun">
    <keyboard-shortcut first-keystroke="ctrl f5" />
    <keyboard-shortcut first-keystroke="alt s" second-keystroke="x" />
  </action>
  <action id="Vcs.QuickListPopupAction" />
  <action id="Vcs.ShowMessageHistory">
    <keyboard-shortcut first-keystroke="ctrl m" />
  </action>
  <action id="Vcs.ToggleAmendCommitMode" />
  <action id="VimPluginToggle">
    <keyboard-shortcut first-keystroke="alt s" second-keystroke="back_quote" />
  </action>
  <action id="com.mnw.tabmover.actions.MoveTabDownAction">
    <keyboard-shortcut first-keystroke="shift ctrl alt right" />
    <keyboard-shortcut first-keystroke="alt s" second-keystroke="t" />
  </action>
  <action id="com.mnw.tabmover.actions.MoveTabToNextSplitter">
    <keyboard-shortcut first-keystroke="alt close_bracket" />
  </action>
  <action id="com.mnw.tabmover.actions.MoveTabToPreviousSplitter">
    <keyboard-shortcut first-keystroke="alt open_bracket" />
  </action>
  <action id="com.mnw.tabmover.actions.MoveTabUpAction">
    <keyboard-shortcut first-keystroke="shift ctrl alt left" />
    <keyboard-shortcut first-keystroke="alt s" second-keystroke="u" />
  </action>
  <action id="copilot.applyInlays">
    <keyboard-shortcut first-keystroke="tab" />
    <keyboard-shortcut first-keystroke="back_quote" />
  </action>
  <action id="copilot.cycleNextInlays">
    <keyboard-shortcut first-keystroke="alt close_bracket" />
    <keyboard-shortcut first-keystroke="ctrl n" />
  </action>
  <action id="copilot.cyclePrevInlays">
    <keyboard-shortcut first-keystroke="alt open_bracket" />
    <keyboard-shortcut first-keystroke="ctrl p" />
  </action>
  <action id="copilot.requestCompletions" />
  <action id="org.intellij.plugins.markdown.ui.actions.styling.ToggleBoldAction" />
</keymap>